{
  "+916395503566": {
    "message": "**search**",
    "cooldown": 0,
    "last_replied_to": {
      "1531736597": 1758434343.3572078,
      "7398820120": 1758444807.7488158
    },
    "recipients": [
      7398820120
    ],
    "bulk_delay": 6
  }
}