{
  "+916395503566": {
    "recipients": [
      1531736597,
      8226712035
    ],
    "cooldown": 10,
    "message": "**Hello friends**",
    "last_replied_to": {
      "1531736597": 1758703040.6804838,
      "8226712035": 1758724401.6659408
    }
  },
  "+919310712068": {
    "recipients": [],
    "bulk_delay": 50
  }
}