{
  "+916395503566": {
    "message": "**search**",
    "cooldown": 0,
    "last_replied_to": {
      "1531736597": 1758434343.3572078,
      "7398820120": 1758452285.6102347
    },
    "recipients": [
      7398820120,
      1531736597,
      777000,
      5598742726,
      7881177198,
      8260805834,
      6192621399,
      5505254131,
      8208338837,
      8226712035,
      8366924508,
      6215629277,
      6488969729,
      8038985645,
      5893058059,
      7663897442,
      8117531941,
      7222641447,
      745211839,
      7773601923,
      6708887695,
      8468315838,
      6465994498,
      8383203897,
      5672228220,
      6563876740,
      5714774420,
      6899608159,
      6775083448,
      6733346457,
      7750378296,
      8046440545,
      1895092386,
      8177731537,
      7531298852,
      7134950683,
      7965747005,
      7741550746,
      7163321263,
      7733757608,
      7772898417,
      8311487242,
      5939830750,
      7540343817,
      1416458420,
      470704590,
      8194920343,
      866355588,
      780851058,
      6976812723,
      8024890124,
      8184233368,
      1308649703,
      6944618243,
      7898939535,
      6410762269,
      5809799189,
      5772574721,
      2111553541,
      6764822529,
      5817098243,
      6608453690,
      5625258039,
      6934798391,
      5749047348,
      7234543667,
      6513410098,
      6658007088,
      1422016559,
      6047883310,
      6284066859,
      6474014759,
      1969405989,
      1877336099,
      1316585504,
      1782530080,
      5787303965,
      6157574169,
      6349905943,
      945381397,
      5686665234,
      6366920719,
      5993635852,
      5585248266,
      5719015430,
      5547081735,
      6094413830,
      2043722860,
      7999548909,
      5366986112,
      8322688305,
      8377914278,
      8038814996,
      8007342071,
      5963414856,
      1984855750,
      5964488864,
      1874940916,
      7031711977,
      6373662510,
      8487514913,
      5217913872,
      7640126895,
      6360719496,
      7610579596,
      7913110100,
      7964332734,
      7344862243,
      8103629131,
      7080140341,
      7583785462,
      7991428723,
      7982287985,
      489196160,
      7108521739,
      5443907936,
      6886403102,
      8186366109,
      6790648720,
      8196832291,
      6502144742,
      7523432823,
      6568016496,
      8086869153,
      6711753952,
      6326557594,
      7903294405,
      6757021194,
      6028307945,
      1864177896,
      5681960922,
      5680525016,
      7058723477,
      6100960001,
      7479352037,
      5622053583,
      6184518719,
      1796838330,
      6468850051,
      7125296241,
      7841101302,
      7350518418,
      7455525765,
      7865678110,
      6462459083,
      7476419413,
      7103775343,
      563365858,
      7748120734,
      7266987353,
      6474936692,
      6400752124,
      7324441819,
      5857894667,
      8107802069,
      2087075145,
      7488330499,
      8137607850,
      2056868532,
      7844902916,
      6077364706,
      5932104619,
      8130692783,
      7675967675,
      7597106658,
      6683757432,
      5566409035,
      1287035318,
      1707136959,
      7555581366,
      7549099936,
      1440254865,
      7472957155,
      8001587749,
      6223929577,
      8017114603,
      5977789491,
      7672017862,
      7856163786,
      6174098636,
      5806810519,
      7032625036,
      1937654823,
      5326894001,
      5004585431,
      5938919292,
      1450618247,
      7631816258,
      7581805191,
      6944398240,
      5707702020,
      6168607746,
      2065001581,
      8034562360,
      7728248535,
      7263100163,
      7111603582,
      5495074896,
      7408920981,
      6231556175,
      1472859566,
      1022848901,
      7014115365,
      6701733507,
      6822054539,
      7687787287,
      6266894409,
      882525076,
      1260565700,
      5978763151,
      6764369128,
      2070303612,
      1897348360,
      5964472858,
      1262361119,
      6045867286,
      8169239817,
      6422594402,
      8158165748,
      945193846,
      7503940913,
      1726606848,
      5737240899,
      1525660741,
      5792010545,
      5097147471,
      7312296023,
      6449789663,
      7252061920,
      5806564654,
      7305803392,
      6735096595,
      6222903154,
      6772346277,
      7185761497,
      5735774869,
      7066965237,
      7048658911,
      6251195711,
      2036249573,
      1427821442,
      6390522505,
      6845516019,
      1340546824,
      7279846209,
      5826660533,
      7485148354,
      5341853107,
      5470843434,
      6514787672,
      1566022429,
      7351876120,
      6711650039,
      6635290007,
      6244106737,
      1351815089,
      5539930032,
      7430491381,
      2095386800,
      5572627702,
      5952564181,
      5165568385,
      5648240068,
      1622028747,
      1312510458,
      5895504752,
      5534997021,
      5720080975,
      5987940765,
      1522741453,
      6315026502,
      5887745150,
      5892637564,
      1388923418,
      5600031551,
      1652656766,
      6734462921,
      7262806441,
      5503817098,
      6229925382,
      5473576065,
      7106513475,
      7371456023,
      7044022709,
      5803159857,
      1947651083
    ],
    "bulk_delay": 6
  }
}